광어 00.png,광어
광어 01.png,광어
광어 02.png,광어
광어 03.png,광어
광어 04.png,광어
광어 05.png,광어
광어 06.png,광어
광어 07.png,광어
광어 08.png,광어
광어 09.png,광어
광어 10.png,광어
광어 11.png,광어
광어 12.png,광어
광어 13.png,광어
광어 14.png,광어
광어 15.png,광어
광어 16.png,광어
광어 17.png,광어
광어 18.png,광어
광어 19.png,광어
광어 20.png,광어
광어 21.png,광어
광어 22.png,광어
광어 23.png,광어
광어 24.png,광어
광어 25.png,광어
광어 26.png,광어
광어 27.png,광어
광어 28.png,광어
광어 29.png,광어
광어 30.png,광어
광어 31.png,광어
광어 32.png,광어
광어 33.png,광어
광어 34.png,광어
광어 35.png,광어
광어 36.png,광어
광어 37.png,광어
광어 38.png,광어
광어 39.png,광어
농어 00.png,농어
농어 01.png,농어
농어 02.png,농어
농어 03.png,농어
농어 04.png,농어
농어 05.png,농어
농어 06.png,농어
농어 07.png,농어
농어 08.png,농어
농어 09.png,농어
농어 10.png,농어
농어 11.png,농어
농어 12.png,농어
농어 13.png,농어
농어 14.png,농어
농어 15.png,농어
농어 16.png,농어
농어 17.png,농어
농어 18.png,농어
농어 19.png,농어
농어 20.png,농어
농어 21.png,농어
농어 22.png,농어
농어 23.png,농어
농어 24.png,농어
농어 25.png,농어
농어 26.png,농어
농어 27.png,농어
농어 28.png,농어
농어 29.png,농어
농어 30.png,농어
농어 31.png,농어
농어 32.png,농어
농어 33.png,농어
농어 34.png,농어
농어 35.png,농어
농어 36.png,농어
농어 37.png,농어
농어 38.png,농어
농어 39.png,농어
도다리 00.png,도다리
도다리 01.png,도다리
도다리 02.png,도다리
도다리 03.png,도다리
도다리 04.png,도다리
도다리 05.png,도다리
도다리 06.png,도다리
도다리 07.png,도다리
도다리 08.png,도다리
도다리 09.png,도다리
도다리 10.png,도다리
도다리 11.png,도다리
도다리 12.png,도다리
도다리 13.png,도다리
도다리 14.png,도다리
도다리 15.png,도다리
도다리 16.png,도다리
도다리 17.png,도다리
도다리 18.png,도다리
도다리 19.png,도다리
도다리 20.png,도다리
도다리 21.png,도다리
도다리 22.png,도다리
도다리 23.png,도다리
도다리 24.png,도다리
도다리 25.png,도다리
도다리 26.png,도다리
도다리 27.png,도다리
도다리 28.png,도다리
도다리 29.png,도다리
도다리 30.png,도다리
도다리 31.png,도다리
도다리 32.png,도다리
도다리 33.png,도다리
도다리 34.png,도다리
도다리 35.png,도다리
도다리 36.png,도다리
도다리 37.png,도다리
도다리 38.png,도다리
도다리 39.png,도다리
민어 00.png,민어
민어 01.png,민어
민어 02.png,민어
민어 03.png,민어
민어 04.png,민어
민어 05.png,민어
민어 06.png,민어
민어 07.png,민어
민어 08.png,민어
민어 09.png,민어
민어 10.png,민어
민어 11.png,민어
민어 12.png,민어
민어 13.png,민어
민어 14.png,민어
민어 15.png,민어
민어 16.png,민어
민어 17.png,민어
민어 18.png,민어
민어 19.png,민어
민어 20.png,민어
민어 21.png,민어
민어 22.png,민어
민어 23.png,민어
민어 24.png,민어
민어 25.png,민어
민어 26.png,민어
민어 27.png,민어
민어 28.png,민어
민어 29.png,민어
민어 30.png,민어
민어 31.png,민어
민어 32.png,민어
민어 33.png,민어
민어 34.png,민어
민어 35.png,민어
민어 36.png,민어
민어 37.png,민어
민어 38.png,민어
민어 39.png,민어
숭어 00.png,숭어
숭어 01.png,숭어
숭어 02.png,숭어
숭어 03.png,숭어
숭어 04.png,숭어
숭어 05.png,숭어
숭어 06.png,숭어
숭어 07.png,숭어
숭어 08.png,숭어
숭어 09.png,숭어
숭어 10.png,숭어
숭어 11.png,숭어
숭어 12.png,숭어
숭어 13.png,숭어
숭어 14.png,숭어
숭어 15.png,숭어
숭어 16.png,숭어
숭어 17.png,숭어
숭어 18.png,숭어
숭어 19.png,숭어
숭어 20.png,숭어
숭어 21.png,숭어
숭어 22.png,숭어
숭어 23.png,숭어
숭어 24.png,숭어
숭어 25.png,숭어
숭어 26.png,숭어
숭어 27.png,숭어
숭어 28.png,숭어
숭어 29.png,숭어
숭어 30.png,숭어
숭어 31.png,숭어
숭어 32.png,숭어
숭어 33.png,숭어
숭어 34.png,숭어
숭어 35.png,숭어
숭어 36.png,숭어
숭어 37.png,숭어
숭어 38.png,숭어
숭어 39.png,숭어
우럭 00.png,우럭
우럭 01.png,우럭
우럭 02.png,우럭
우럭 03.png,우럭
우럭 04.png,우럭
우럭 05.png,우럭
우럭 06.png,우럭
우럭 07.png,우럭
우럭 08.png,우럭
우럭 09.png,우럭
우럭 10.png,우럭
우럭 11.png,우럭
우럭 12.png,우럭
우럭 13.png,우럭
우럭 14.png,우럭
우럭 15.png,우럭
우럭 16.png,우럭
우럭 17.png,우럭
우럭 18.png,우럭
우럭 19.png,우럭
우럭 20.png,우럭
우럭 21.png,우럭
우럭 22.png,우럭
우럭 23.png,우럭
우럭 24.png,우럭
우럭 25.png,우럭
우럭 26.png,우럭
우럭 27.png,우럭
우럭 28.png,우럭
우럭 29.png,우럭
우럭 30.png,우럭
우럭 31.png,우럭
우럭 32.png,우럭
우럭 33.png,우럭
우럭 34.png,우럭
우럭 35.png,우럭
우럭 36.png,우럭
우럭 37.png,우럭
우럭 38.png,우럭
우럭 39.png,우럭
전어 00.png,전어
전어 01.png,전어
전어 02.png,전어
전어 03.png,전어
전어 04.png,전어
전어 05.png,전어
전어 06.png,전어
전어 07.png,전어
전어 08.png,전어
전어 09.png,전어
전어 10.png,전어
전어 11.png,전어
전어 12.png,전어
전어 13.png,전어
전어 14.png,전어
전어 15.png,전어
전어 16.png,전어
전어 17.png,전어
전어 18.png,전어
전어 19.png,전어
전어 20.png,전어
전어 21.png,전어
전어 22.png,전어
전어 23.png,전어
전어 24.png,전어
전어 25.png,전어
전어 26.png,전어
전어 27.png,전어
전어 28.png,전어
전어 29.png,전어
전어 30.png,전어
전어 31.png,전어
전어 32.png,전어
전어 33.png,전어
전어 34.png,전어
전어 35.png,전어
전어 36.png,전어
전어 37.png,전어
전어 38.png,전어
전어 39.png,전어
참돔 00.png,참돔
참돔 01.png,참돔
참돔 02.png,참돔
참돔 03.png,참돔
참돔 04.png,참돔
참돔 05.png,참돔
참돔 06.png,참돔
참돔 07.png,참돔
참돔 08.png,참돔
참돔 09.png,참돔
참돔 10.png,참돔
참돔 11.png,참돔
참돔 12.png,참돔
참돔 13.png,참돔
참돔 14.png,참돔
참돔 15.png,참돔
참돔 16.png,참돔
참돔 17.png,참돔
참돔 18.png,참돔
참돔 19.png,참돔
참돔 20.png,참돔
참돔 21.png,참돔
참돔 22.png,참돔
참돔 23.png,참돔
참돔 24.png,참돔
참돔 25.png,참돔
참돔 26.png,참돔
참돔 27.png,참돔
참돔 28.png,참돔
참돔 29.png,참돔
참돔 30.png,참돔
참돔 31.png,참돔
참돔 32.png,참돔
참돔 33.png,참돔
참돔 34.png,참돔
참돔 35.png,참돔
참돔 36.png,참돔
참돔 37.png,참돔
참돔 38.png,참돔
참돔 39.png,참돔
