광어 40.png,광어
광어 41.png,광어
광어 42.png,광어
광어 43.png,광어
광어 44.png,광어
광어 45.png,광어
광어 46.png,광어
광어 47.png,광어
광어 48.png,광어
광어 49.png,광어
농어 40.png,농어
농어 41.png,농어
농어 42.png,농어
농어 43.png,농어
농어 44.png,농어
농어 45.png,농어
농어 46.png,농어
농어 47.png,농어
농어 48.png,농어
농어 49.png,농어
도다리 40.png,도다리
도다리 41.png,도다리
도다리 42.png,도다리
도다리 43.png,도다리
도다리 44.png,도다리
도다리 45.png,도다리
도다리 46.png,도다리
도다리 47.png,도다리
도다리 48.png,도다리
도다리 49.png,도다리
민어 40.png,민어
민어 41.png,민어
민어 42.png,민어
민어 43.png,민어
민어 44.png,민어
민어 45.png,민어
민어 46.png,민어
민어 47.png,민어
민어 48.png,민어
민어 49.png,민어
숭어 40.png,숭어
숭어 41.png,숭어
숭어 42.png,숭어
숭어 43.png,숭어
숭어 44.png,숭어
숭어 45.png,숭어
숭어 46.png,숭어
숭어 47.png,숭어
숭어 48.png,숭어
숭어 49.png,숭어
우럭 40.png,우럭
우럭 41.png,우럭
우럭 42.png,우럭
우럭 43.png,우럭
우럭 44.png,우럭
우럭 45.png,우럭
우럭 46.png,우럭
우럭 47.png,우럭
우럭 48.png,우럭
우럭 49.png,우럭
전어 40.png,전어
전어 41.png,전어
전어 42.png,전어
전어 43.png,전어
전어 44.png,전어
전어 45.png,전어
전어 46.png,전어
전어 47.png,전어
전어 48.png,전어
전어 49.png,전어
참돔 40.png,참돔
참돔 41.png,참돔
참돔 42.png,참돔
참돔 43.png,참돔
참돔 44.png,참돔
참돔 45.png,참돔
참돔 46.png,참돔
참돔 47.png,참돔
참돔 48.png,참돔
참돔 49.png,참돔
